date,actual,predicted,naive,lower,upper,horizon_days
2012-10-07,3510.0,6784.3255,6889.0,4903.0523,6697.2732,1
2012-10-08,5478.0,5647.5859,6778.0,4532.2595,6229.4423,2
2012-10-09,6392.0,6147.1529,4639.0,4717.3547,6719.0687,3
2012-10-10,7691.0,7691.5059,7572.0,5731.1079,7711.181,4
2012-10-11,7570.0,7551.6293,7328.0,5502.0598,7568.6969,5
2012-10-12,7282.0,7388.21,8156.0,5153.0138,7764.9016,6
2012-10-13,7109.0,7220.759,7965.0,4806.3866,7752.5984,7
2012-10-14,6639.0,7533.1046,3510.0,5811.504,7873.7618,1
2012-10-15,5875.0,6495.5107,5478.0,5428.4649,7045.1077,2
2012-10-16,7534.0,7051.1348,6392.0,5394.7572,7449.9218,3
2012-10-17,7461.0,7272.3372,7691.0,5395.9958,7378.3786,4
2012-10-18,7509.0,6736.3459,7570.0,5354.1575,6992.3765,5
2012-10-19,5424.0,6792.9602,7282.0,4816.8296,7234.1475,6
2012-10-20,8090.0,7460.0201,7109.0,5791.7161,7855.2069,7
2012-10-21,6824.0,7085.7314,6639.0,5300.7526,7639.0465,1
2012-10-22,7058.0,7653.4767,5875.0,5560.2107,7739.7388,2
2012-10-23,7466.0,7513.0224,7534.0,5841.3783,7865.1605,3
2012-10-24,7693.0,7703.5123,7461.0,5759.8892,7914.4436,4
2012-10-25,7359.0,6114.5482,7509.0,4771.7688,7126.6117,5
2012-10-26,7444.0,6099.7055,5424.0,4739.7401,7183.4799,6
2012-10-27,7852.0,6289.6486,8090.0,4982.9551,7171.8194,7
2012-10-28,4459.0,5676.3063,6824.0,4094.0229,7157.4279,1
2012-10-29,22.0,3389.1075,7058.0,3073.7032,6398.3513,2
2012-10-30,1096.0,4251.5902,7466.0,3852.9805,6529.1864,3
2012-10-31,5566.0,6431.9041,7693.0,4691.0469,7278.9541,4
2012-11-01,5986.0,6503.1243,7359.0,4787.7158,7286.3081,5
2012-11-02,5847.0,7073.0406,7444.0,4871.8133,7057.0306,6
2012-11-03,5138.0,6366.7399,7852.0,4897.1694,7134.6407,7
2012-11-04,5107.0,7024.3573,4459.0,4985.9292,7252.3596,1
2012-11-05,5259.0,7038.0721,22.0,4712.7208,6820.0652,2
2012-11-06,5686.0,7097.2516,1096.0,4457.45,6554.7635,3
2012-11-07,5035.0,6294.2301,5566.0,4669.556,6688.5339,4
2012-11-08,5315.0,6604.9996,5986.0,4753.9273,7113.084,5
2012-11-09,5992.0,6972.7321,5847.0,4957.4559,7396.8783,6
2012-11-10,6536.0,6561.1965,5138.0,4700.4126,7437.8147,7
2012-11-11,6852.0,6107.2555,5107.0,4702.2351,7100.0606,1
2012-11-12,6269.0,5965.5197,5259.0,5096.9211,6652.0178,2
2012-11-13,4094.0,4401.1354,5686.0,3718.0179,6663.0866,3
2012-11-14,5495.0,5945.6551,5035.0,3497.8157,6665.4484,4
2012-11-15,5445.0,5166.6498,5315.0,3337.4138,6728.2587,5
2012-11-16,5698.0,5899.9294,5992.0,5017.6383,6414.8129,6
2012-11-17,5629.0,5819.3426,6536.0,3789.2119,6894.7045,7
2012-11-18,4669.0,5301.5293,6852.0,4908.1676,6789.1022,1
2012-11-19,5499.0,5466.4033,6269.0,4690.3904,6545.9665,2
2012-11-20,5634.0,5667.3369,4094.0,4947.1431,6610.6473,3
2012-11-21,5146.0,6112.7589,5495.0,5131.9604,6756.1639,4
2012-11-22,2425.0,6227.024,5445.0,4960.1289,6655.6482,5
2012-11-23,3910.0,5954.9944,5698.0,5133.7859,6855.6931,6
2012-11-24,2277.0,4875.1186,5629.0,4115.7839,6455.5794,7
2012-11-25,2424.0,5424.0093,4669.0,3837.0908,5488.3878,1
2012-11-26,5087.0,5921.1564,5499.0,4184.8696,5598.059,2
2012-11-27,3959.0,3261.2789,5634.0,2950.4188,5373.0828,3
2012-11-28,5260.0,5472.3183,5146.0,4140.0566,5582.457,4
2012-11-29,5323.0,5699.27,2425.0,3998.4023,5611.1065,5
2012-11-30,5668.0,5821.7291,3910.0,4198.2543,5419.346,6
2012-12-01,5191.0,4309.0221,2277.0,2869.9568,5461.5154,7
2012-12-02,4649.0,3034.8703,2424.0,2780.2218,5575.476,1
2012-12-03,6234.0,5233.414,5087.0,3769.4182,6232.7007,2
2012-12-04,6606.0,5466.5123,3959.0,4383.1458,6258.899,3
2012-12-05,5729.0,5475.4819,5260.0,3737.726,6085.8402,4
2012-12-06,5375.0,4341.1021,5323.0,3099.7567,5348.0004,5
2012-12-07,5008.0,3581.3086,5668.0,3134.6909,5542.7392,6
2012-12-08,5582.0,3686.7171,5191.0,2391.0089,5828.1794,7
2012-12-09,3228.0,4147.5994,4649.0,2938.8031,5628.5391,1
2012-12-10,5170.0,4445.728,6234.0,3054.3741,5691.7598,2
2012-12-11,5501.0,4905.4564,6606.0,3484.3874,5684.3313,3
2012-12-12,5319.0,5150.1392,5729.0,3195.4729,5637.3741,4
2012-12-13,5532.0,5374.8368,5375.0,3402.6612,5814.8447,5
2012-12-14,5611.0,5384.029,5008.0,3534.3648,5495.3262,6
2012-12-15,5047.0,5327.6902,5582.0,3557.5187,5663.7226,7
2012-12-16,3786.0,4141.2409,3228.0,2915.7837,5722.6104,1
2012-12-17,4585.0,5164.6522,5170.0,3178.5412,5780.9806,2
2012-12-18,5557.0,5952.5808,5501.0,4029.636,5831.3245,3
2012-12-19,5267.0,5400.9481,5319.0,3861.8843,5482.1438,4
2012-12-20,4128.0,5144.8054,5532.0,3240.14,5380.2134,5
2012-12-21,3623.0,4121.3702,5611.0,2010.6909,5370.104,6
2012-12-22,1749.0,2663.6175,5047.0,1492.5599,5408.9985,7
2012-12-23,1787.0,3747.4017,3786.0,1902.6667,5624.0671,1
2012-12-24,920.0,3688.6747,4585.0,2205.3534,5373.5319,2
2012-12-25,1013.0,3555.2903,5557.0,2248.655,5277.1789,3
2012-12-26,441.0,1548.8354,5267.0,626.149,5271.2841,4
2012-12-27,2114.0,2835.847,4128.0,1882.0257,5518.3689,5
2012-12-28,3095.0,3270.0823,3623.0,1914.7734,5272.6403,6
2012-12-29,1341.0,2842.3317,1749.0,1852.6127,5405.2353,7
